pdb_id,pos,wild_type,mutant,ddg
1A0FA,11,S,A,-1.8
1A7VA,104,A,H,-2.69
1A7VA,66,A,H,-1.98
1A7VA,91,A,H,-1.7
1A7VA,3,D,H,-1.36
1A7VA,58,D,H,-2.05
1A7VA,73,E,H,-3.01
1A7VA,13,K,H,-0.6
1A7VA,20,K,H,-2.88
1A7VA,31,K,H,-1.36
1A7VA,39,K,H,-1.86
1A7VA,49,K,H,-2.02
1A7VA,84,K,H,-2.88
1A7VA,97,K,H,-1.97
1BA3A,461,H,D,-1.745
1BA3A,489,H,D,0.287
1BA3A,489,H,K,-0.287
1BA3A,489,H,M,-0.263
1BFMA,35,M,W,-0.7
1BFMA,35,M,Y,-0.4
1BNLA,76,D,A,-0.821
1D5GA,71,H,Y,-0.04
1D5GA,20,I,F,0.91
1DIVA,23,D,A,-0.46
1DIVA,23,D,N,-0.58
1DIVA,8,D,N,-0.3
1DIVA,100,E,A,-0.98
1DIVA,100,E,G,-1.52
1DIVA,17,E,Q,-0.21
1DIVA,38,E,Q,-0.56
1DIVA,48,E,Q,0.03
1DIVA,54,E,Q,0.33
1DIVA,106,H,Q,-1.53
1DIVA,134,H,Q,-0.34
1DIVA,144,H,Q,-0.56
1DIVA,115,I,A,-3.52
1DIVA,121,I,A,-2.88
1DIVA,4,I,A,-2.22
1DIVA,4,I,V,-0.59
1DIVA,79,I,A,-3.49
1DIVA,93,I,A,-3.19
1DIVA,98,I,A,-4.28
1DIVA,10,K,M,0.05
1DIVA,14,K,M,0.01
1DIVA,15,K,M,-0.31
1DIVA,7,K,M,0.35
1DIVA,96,K,A,0.61
1DIVA,96,K,G,-0.2
1DIVA,102,L,A,-2.37
1DIVA,108,L,A,-2.33
1DIVA,110,L,A,-3.21
1DIVA,117,L,A,-0.82
1DIVA,133,L,A,-2.94
1DIVA,141,L,A,-3.56
1DIVA,30,L,A,-2.76
1DIVA,30,L,V,-3.62
1DIVA,6,L,A,-3.1
1DIVA,6,L,I,-0.13
1DIVA,6,L,V,-0.41
1DIVA,72,L,A,-3.77
1DIVA,1,M,A,-1.46
1DIVA,1,M,G,-2.36
1DIVA,129,V,A,-1.81
1DIVA,131,V,A,-1.93
1DIVA,137,V,A,-2.41
1DIVA,143,V,A,-3.25
1DIVA,145,V,A,-1.92
1DIVA,21,V,A,-2.33
1DIVA,21,V,I,-0.4
1DIVA,21,V,L,-1.23
1DIVA,3,V,A,-2.55
1DIVA,3,V,I,-0.31
1DIVA,3,V,L,-2.21
1DXXA,18,K,N,-3.7
1EKGA,198,L,C,-1.0
1EKGA,200,L,C,-2.0
1EKGA,203,L,C,1.0
1EKGA,181,S,F,-2.6
1F8IA,345,F,A,-0.455
1FH5H,18,S,N,0.6
1FRDA,42,H,R,4.0
1FT8A,264,I,V,-0.64
1FT8A,212,L,V,-1.38
1FT8A,238,L,I,-0.35
1FT8A,267,L,I,-0.11
1FT8A,293,L,I,-0.8
1FT8A,293,L,V,-1.41
1FT8A,315,L,A,-1.65
1FT8A,317,L,I,-0.85
1FT8A,348,L,I,-0.53
1FT8A,349,L,I,0.05
1FT8A,216,M,L,0.27
1FT8A,339,S,A,0.32
1FT8A,287,V,A,-0.16
1FXAA,94,E,D,-1.1
1FXAA,94,E,K,-0.4
1FXAA,94,E,Q,0.6
1FXAA,95,E,K,1.0
1FXAA,65,F,A,-1.0
1FXAA,65,F,I,-0.9
1FXAA,65,F,W,-0.6
1FXAA,65,F,Y,-0.5
1FXAA,42,R,A,-2.4
1FXAA,42,R,H,-1.4
1FXAA,48,T,A,0.1
1G3PA,147,A,K,-0.287
1G3PA,160,D,A,-0.263
1G3PA,160,D,C,-0.096
1G3PA,160,D,E,-0.359
1G3PA,160,D,F,-0.359
1G3PA,160,D,G,-0.669
1G3PA,160,D,H,0.048
1G3PA,160,D,I,-0.932
1G3PA,160,D,K,-0.335
1G3PA,160,D,L,-0.55
1G3PA,160,D,M,-0.502
1G3PA,160,D,N,0.072
1G3PA,160,D,P,-0.645
1G3PA,160,D,Q,-0.478
1G3PA,160,D,R,-0.669
1G3PA,160,D,S,-0.287
1G3PA,160,D,T,-0.741
1G3PA,160,D,V,-1.123
1G3PA,160,D,W,-0.1669999999999999
1G3PA,160,D,Y,-0.072
1G3PA,136,F,V,-3.705
1G3PA,138,N,G,0.765
1G3PA,139,N,K,-0.43
1G3PA,139,N,V,-2.032
1G3PA,137,Q,N,-1.793
1G3PA,145,Q,N,0.263
1G3PA,144,R,V,0.765
1GLUA,500,C,A,-1.22
1GUAB,118,A,G,-1.963
1GUAB,118,A,L,-1.951
1GUAB,85,A,G,-2.149
1GUAB,97,A,G,-0.863
1GUAB,81,C,A,0.283
1GUAB,81,C,I,-0.912
1GUAB,95,C,A,-0.08
1GUAB,96,C,A,-1.759
1GUAB,96,C,L,-0.043
1GUAB,96,C,M,-0.337
1GUAB,117,D,A,-0.706
1GUAB,129,D,A,-0.855
1GUAB,80,D,A,-0.493
1GUAB,104,E,A,0.021
1GUAB,124,E,A,-0.101
1GUAB,125,E,A,-0.591
1GUAB,58,I,A,-3.274
1GUAB,58,I,F,-1.2990000000000002
1GUAB,58,I,L,-0.7709999999999999
1GUAB,109,K,A,-0.327
1GUAB,112,L,A,-2.593
1GUAB,121,L,A,-2.5340000000000003
1GUAB,126,L,A,-3.405
1GUAB,62,L,A,-3.46
1GUAB,78,L,A,-3.803
1GUAB,82,L,A,-3.529
1GUAB,82,L,I,-1.6
1GUAB,82,L,V,-1.7
1GUAB,86,L,A,-3.2260000000000004
1GUAB,91,L,A,-1.575
1GUAB,76,M,A,-0.961
1GUAB,56,N,M,0.271
1GUAB,64,N,A,-1.14
1GUAB,63,P,A,-1.7080000000000002
1GUAB,93,P,A,-0.0819999999999999
1GUAB,66,Q,A,-0.504
1GUAB,100,R,A,-0.693
1GUAB,59,R,A,0.178
1GUAB,89,R,L,1.078
1GUAB,77,S,A,-1.5730000000000002
1GUAB,77,S,T,0.581
1GUAB,68,T,A,-0.109
1GUAB,128,V,A,-3.3680000000000003
1GUAB,60,V,A,-2.251
1GUAB,69,V,A,-1.116
1GUAB,70,V,A,-1.77
1GUAB,72,V,A,-1.052
1GUAB,72,V,I,-0.8640000000000001
1GUAB,98,V,A,-1.981
1GWYA,8,A,D,-1.6
1H0XA,18,P,A,-1.936
1H0XA,62,P,A,-2.5810000000000004
1HCQA,67,C,A,-2.09
1HCQA,67,C,S,-1.99
1IOJA,15,G,A,0.4
1IR3A,1175,W,F,0.6
1ITMA,24,C,T,-3.3
1ITMA,3,C,T,-5.0
1ITMA,91,W,S,1.4
1IV7B,173,A,C,0.5
1IV7B,189,F,C,-2.5
1IV7B,162,L,C,-1.9
1IV9A,76,S,Y,4.299
1J8IA,25,K,A,0.1
1J8IA,66,K,A,0.1
1J8IA,23,R,A,0.8
1J8IA,35,R,A,-0.1
1J8IA,43,R,A,0.7
1J8IA,9,R,A,-0.1
1JL9A,25,A,C,-1.44
1JLVA,64,E,D,-1.162
1JLVA,64,E,N,-2.3040000000000003
1JLVA,64,E,Q,-2.302
1L6HA,39,F,A,-1.6969999999999998
1L6HA,45,Y,A,-0.55
1L6HA,48,Y,A,-1.482
1LVMA,106,E,G,1.4
1LVMA,45,K,F,0.43
1LVMA,56,L,V,0.0
1LVMA,58,Q,F,0.6
1LVMA,135,S,G,0.0
1N18A,100,E,G,-2.5
1N18A,85,G,R,-1.4
1N18A,46,H,R,1.4
1N18A,148,V,I,0.1
1N88A,21,F,A,-1.39
1N88A,39,I,A,-1.39
1N88A,80,I,A,-2.79
1N88A,89,I,A,-2.35
1N88A,8,I,V,-1.52
1N88A,13,L,A,-1.52
1N88A,57,L,A,-1.11
1N88A,12,V,A,-1.94
1N88A,30,V,A,-2.84
1N88A,43,V,A,-2.82
1N88A,49,V,A,-2.83
1N88A,51,V,A,-3.24
1N88A,54,V,A,-3.73
1N88A,81,V,A,-2.82
1N88A,83,V,A,-3.1
1N88A,18,Y,A,0.06
1N88A,26,Y,A,-4.61
1NM1A,187,D,N,-0.88
1NM1A,187,D,Y,-1.9
1O1UA,110,E,A,-3.3
1O1UA,61,N,A,-1.2
1O1UA,51,Q,A,-0.3
1O1UA,99,Q,A,0.3
1O1UA,38,T,A,-1.2
1O1UA,49,W,Y,-1.2
1O6XA,31,A,G,-1.2
1O6XA,50,A,G,-1.4
1O6XA,38,D,A,0.36
1O6XA,14,E,A,-0.3
1O6XA,20,E,G,-1.42
1O6XA,39,F,L,-1.88
1O6XA,65,F,A,-0.98
1O6XA,51,H,A,-0.61
1O6XA,15,I,V,-0.43
1O6XA,23,I,V,0.42
1O6XA,71,I,V,-1.31
1O6XA,75,I,A,-1.31
1O6XA,41,K,A,-1.98
1O6XA,26,L,V,-0.97
1O6XA,58,N,A,-0.08
1O6XA,60,Q,G,-0.49
1O6XA,12,V,A,-1.1
1O6XA,52,V,A,-1.08
1O6XA,64,V,G,-1.1
1O6XA,73,Y,L,-2.78
1OSIA,11,I,V,-0.05
1OSIA,92,S,F,0.39
1OSIA,126,V,M,-2.25
1OSIA,15,V,I,-0.78
1PFLA,20,A,T,-1.53
1PFLA,117,G,V,-1.96
1PFLA,113,M,T,-3.53
1PFLA,138,Q,L,1.82
1PFLA,108,T,M,0.07
1PREA,159,C,S,-2.4
1PRGA,460,E,K,-0.17
1PRGA,360,F,L,-0.4
1PRGA,467,P,L,0.11
1PRGA,286,Q,P,-0.3
1PRGA,288,R,H,0.06
1PRGA,357,R,A,0.19
1PRGA,290,V,M,0.03
1R2YA,244,R,E,-4.2
1R6RA,88,I,N,-0.13
1R6RA,50,L,S,-2.81
1R6RA,54,L,S,-0.24
1R6RA,81,L,N,-6.84
1SPDA,111,C,S,0.8
1SPDA,6,C,A,0.1
1X0JA,160,D,N,-4.1
1X0JA,160,D,Y,-4.02
1X0JA,161,D,N,-2.21
1X0JA,161,D,Y,-3.38
1X0JA,140,E,K,-3.48
1X0JA,100,R,L,-5.22
1X0JA,153,Y,H,-6.49
1XWSA,124,E,Q,-2.9
1XWSA,135,E,K,-4.59
1XWSA,142,E,D,-3.22
1XWSA,53,Y,H,-3.3
1XXNA,181,N,R,0.358
1XXNA,32,N,D,-0.86
1XXNA,54,N,E,-0.645
1XXNA,22,S,E,0.239
1XXNA,27,S,E,-0.645
1XZOA,42,F,W,2.87
1XZOA,101,W,F,-2.89
1XZOA,36,W,A,-8.93
1XZOA,36,W,F,-4.25
2ARFA,1069,H,Q,-0.7170000000000001
2BJDA,84,V,D,-4.493
2BJDA,84,V,P,-4.517
2BJDA,86,Y,E,-2.103
2C9QA,79,Y,F,-0.012
2C9QA,79,Y,W,-1.233
2CLRB,13,H,F,0.12
2CLRB,31,H,F,2.605
2CLRB,51,H,F,-1.912
2CLRB,84,H,A,-2.629
2DVVA,443,Q,H,0.89
2DVVA,419,R,W,-0.02
2H3FA,12,E,A,1.07
2HBBA,22,A,G,-0.32
2HBBA,26,A,G,-1.79
2HBBA,36,A,G,-1.55
2HBBA,39,A,G,-1.59
2HBBA,42,A,G,-0.33
2HBBA,46,A,G,-0.55
2HBBA,49,A,G,-0.22
2HBBA,23,D,A,-0.03
2HBBA,23,D,N,-0.79
2HBBA,8,D,A,-1.3
2HBBA,8,D,N,-0.38
2HBBA,17,E,A,-1.69
2HBBA,17,E,Q,-0.33
2HBBA,38,E,A,-0.41
2HBBA,38,E,Q,-0.68
2HBBA,48,E,Q,0.07
2HBBA,31,F,A,-2.84
2HBBA,5,F,L,-1.15
2HBBA,24,G,A,0.02
2HBBA,34,G,A,-1.02
2HBBA,18,I,A,-2.05
2HBBA,18,I,V,-0.07
2HBBA,37,I,A,-1.28
2HBBA,37,I,V,0.09
2HBBA,4,I,V,-0.59
2HBBA,10,K,E,0.13
2HBBA,10,K,M,0.47
2HBBA,12,K,A,0.61
2HBBA,12,K,G,0.03
2HBBA,12,K,M,1.8
2HBBA,14,K,A,-0.73
2HBBA,14,K,G,-1.3
2HBBA,14,K,M,-0.34
2HBBA,15,K,G,-1.74
2HBBA,15,K,M,-0.44
2HBBA,7,K,M,0.21
2HBBA,30,L,A,-2.76
2HBBA,35,L,A,-1.21
2HBBA,44,L,A,-1.73
2HBBA,47,L,A,-0.84
2HBBA,6,L,A,-3.1
2HBBA,1,M,A,-1.46
2HBBA,40,T,S,-0.8
2HBBA,21,V,A,-2.33
2HBBA,3,V,A,-2.55
2HBBA,9,V,A,-1.81
2JIEA,170,C,A,2.997
2JIEA,170,C,Q,2.5810000000000004
2JIEA,157,E,D,-2.075
2JIEA,167,E,A,4.247
2JIEA,225,E,A,-4.36
2JIEA,225,E,H,-1.515
2JIEA,409,E,A,0.825
2JIEA,409,E,D,-0.909
2JIEA,426,E,S,0.87
2JIEA,418,F,A,-0.165
2JIEA,104,H,R,1.536
2JIEA,247,I,E,1.241
2JIEA,247,I,N,0.974
2JIEA,174,L,A,-0.79
2JIEA,174,L,R,0.336
2JIEA,224,M,A,-4.098
2JIEA,326,M,A,-1.298
2JIEA,166,N,A,-3.397
2JIEA,166,N,C,-2.964
2JIEA,223,N,A,-0.6709999999999999
2JIEA,223,N,G,3.462
2JIEA,223,N,H,2.583
2JIEA,223,N,R,3.976
2JIEA,223,N,Y,5.73
2JIEA,296,N,A,-2.25
2JIEA,296,N,C,-0.017
2JIEA,407,N,A,0.464
2JIEA,407,N,C,0.143
2JIEA,22,Q,S,-0.209
2JIEA,243,R,A,-0.166
2JIEA,243,R,D,0.213
2JIEA,243,R,K,-1.463
2JIEA,17,S,A,-1.246
2JIEA,19,S,A,0.951
2JIEA,334,S,A,-1.454
2JIEA,403,S,A,0.92
2JIEA,18,T,A,-0.994
2JIEA,221,T,A,3.189
2JIEA,355,T,A,-2.9610000000000003
2JIEA,123,W,F,2.19
2JIEA,123,W,H,1.06
2JIEA,328,W,A,-1.159
2JIEA,328,W,C,-2.664
2JIEA,328,W,H,-2.573
2JIEA,328,W,R,-0.95
2JIEA,402,W,C,-0.36
2JIEA,402,W,R,2.615
2JIEA,412,W,Y,0.599
2JIEA,21,Y,A,-3.443
2JIEA,297,Y,A,1.072
2JIEA,297,Y,F,-1.853
2JUCA,57,C,D,-2.54
2JUCA,57,C,S,-0.71
2JUCA,18,R,A,-1.75
2KJ3A,288,D,A,1.2
2KJ3A,272,E,A,1.9
2KJ3A,278,G,A,-0.8
2KJ3A,229,K,A,1.5
2KJ3A,241,L,A,1.0
2KJ3A,273,S,A,1.4
2KJ3A,239,V,A,1.0
2KJ3A,264,V,A,1.0
2KJ3A,267,V,A,0.2
2KS4A,9,D,A,1.26
2KS4A,2,E,A,-0.23
2LTBA,558,L,P,-1.57
2LTBA,569,L,R,-3.11
2LTBA,619,M,K,-3.34
2LTBA,533,R,Q,-1.1
2LTBA,555,R,Q,-0.36
2LTBA,555,R,W,1.79
2M5SA,302,D,A,-4.0
2M5SA,305,H,A,-2.0
2MPCA,89,A,T,-0.24
2MPCA,42,R,A,0.62
2MPCA,42,R,W,2.08
2N7ZA,88,P,A,-0.6
2NTEA,738,I,V,-2.0
2NTEA,658,R,C,-2.3
2OUOA,420,A,D,0.44
2PR5A,33,A,Y,0.5
2PR5A,81,A,M,-0.4
2PR5A,109,D,E,0.3
2PR5A,22,H,K,0.3
2PR5A,22,H,W,1.2
2PR5A,111,M,F,2.9
2PR5A,107,N,F,0.9
2PR5A,107,N,Y,0.8
2PR5A,124,N,F,1.1
2PR5A,124,N,Y,2.6
2PR5A,30,T,M,0.5
2PR5A,50,T,M,-0.5
2PR5A,54,T,Y,0.2
2PR5A,120,V,I,1.4
2PR5A,25,V,I,0.4
2PR5A,88,V,L,-0.2
2PR5A,90,V,I,-0.7
2PTLA,22,A,G,-2.43
2PTLA,27,A,P,0.1
2PTLA,27,A,V,-0.83
2PTLA,34,A,G,-2.17
2PTLA,34,A,V,1.47
2PTLA,43,A,G,-2.54
2PTLA,47,A,G,-3.1
2PTLA,49,A,G,-1.32
2PTLA,51,A,G,-3.12
2PTLA,66,A,G,-0.49
2PTLA,52,D,A,-1.21
2PTLA,52,D,G,-2.14
2PTLA,64,D,A,-0.2
2PTLA,35,E,A,-0.59
2PTLA,46,E,G,-1.19
2PTLA,46,E,I,-1.08
2PTLA,60,E,A,-0.23
2PTLA,26,F,A,-3.12
2PTLA,26,F,L,-0.68
2PTLA,36,F,A,-4.15
2PTLA,36,F,L,-3.12
2PTLA,40,F,G,-3.08
2PTLA,40,F,L,-0.38
2PTLA,76,F,L,-3.34
2PTLA,76,F,V,-3.73
2PTLA,29,G,A,-1.52
2PTLA,29,G,V,-2.53
2PTLA,38,G,A,-2.08
2PTLA,59,G,A,-2.23
2PTLA,69,G,A,-2.04
2PTLA,20,I,A,-4.9
2PTLA,20,I,V,-0.56
2PTLA,25,I,A,-1.37
2PTLA,25,I,V,-0.47
2PTLA,74,I,A,-4.72
2PTLA,74,I,V,-1.69
2PTLA,21,K,A,-0.92
2PTLA,37,K,A,-0.88
2PTLA,42,K,G,0.16
2PTLA,55,K,A,0.58
2PTLA,56,K,A,0.35
2PTLA,68,K,A,-0.09
2PTLA,75,K,A,-0.45
2PTLA,24,L,A,-3.12
2PTLA,54,L,A,-2.44
2PTLA,72,L,A,-3.77
2PTLA,23,N,A,-1.87
2PTLA,28,N,A,-1.78
2PTLA,58,N,A,-0.34
2PTLA,73,N,A,-1.73
2PTLA,30,S,A,-0.3
2PTLA,45,S,A,0.41
2PTLA,45,S,G,-0.82
2PTLA,19,T,A,-1.63
2PTLA,31,T,A,-1.17
2PTLA,33,T,A,-1.11
2PTLA,39,T,A,-1.25
2PTLA,44,T,A,-1.09
2PTLA,53,T,G,-0.17
2PTLA,62,T,A,-0.97
2PTLA,71,T,A,-1.83
2PTLA,18,V,A,-1.22
2PTLA,63,V,A,-0.92
2PTLA,65,V,A,-1.14
2PTLA,48,Y,A,-2.82
2PTLA,50,Y,A,-2.46
2PTLA,70,Y,A,-1.66
2PTLA,70,Y,L,0.43
2RPNA,7,E,L,1.05
2RPNA,21,V,K,0.39
2VY0A,287,D,A,-5.975
2VY0A,53,E,A,-6.597
2WQGA,15,D,A,0.3
2WQGA,38,D,A,0.1
2WQGA,39,D,A,-2.2
2WQGA,39,D,N,-2.6
2WQGA,40,E,Q,-0.1
2WQGA,41,E,G,-0.4
2WQGA,36,I,A,-0.9
2WQGA,36,I,V,-0.3
2WQGA,14,K,A,-0.4
2WQGA,14,K,G,-1.9
2WQGA,19,K,A,-0.3
2WQGA,28,K,A,-0.6
2WQGA,13,L,A,-0.5
2WQGA,16,L,A,-1.3
2WQGA,8,L,A,-2.0
2WQGA,12,Q,A,-0.6
2WQGA,12,Q,G,-2.0
2WQGA,33,Q,A,0.1
2WQGA,34,R,A,-0.8
2WQGA,23,S,A,-0.6
2WQGA,6,S,A,0.1
2WQGA,6,S,G,-0.2
2WQGA,9,T,S,0.1
2WQGA,10,V,A,-0.1
2WQGA,10,V,G,-0.7
2WQGA,11,V,A,0.4
2WQGA,11,V,G,0.1
2WQGA,24,V,A,-0.5
2WQGA,5,Y,F,-2.4
2ZTAA,11,E,Q,-0.74
2ZTAA,20,E,Q,0.2
2ZTAA,22,E,Q,-1.83
2ZTAA,15,K,A,-0.41
2ZTAA,27,K,A,-0.91
2ZTAA,28,K,A,-0.06
2ZTAA,8,K,A,-0.39
2ZTAA,25,R,A,-1.66
3BCIA,96,E,Q,1.369
3BCIA,153,T,V,-1.137
3BN0A,20,I,V,-1.506
3C2IA,156,D,E,0.88
3C2IA,155,F,S,0.43
3C2IA,100,L,V,1.11
3C2IA,152,P,R,1.46
3C2IA,106,R,Q,0.12
3C2IA,106,R,W,0.04
3C2IA,111,R,G,-0.43
3C2IA,133,R,C,0.37
3C2IA,133,R,H,0.24
3C2IA,134,S,C,1.05
3C2IA,158,T,A,0.47
3C2IA,158,T,M,0.25
3D2AA,134,M,E,3.02
3D2AA,137,M,P,3.34
3D2AA,163,S,P,2.11
3D3BA,118,D,A,-0.65
3D3BA,118,D,E,-0.6
3D3BA,118,D,K,-1.6
3D3BA,118,D,N,-1.34
3D3BA,118,D,R,-1.41
3DV0I,131,A,G,-1.7
3DV0I,139,A,G,-2.3
3DV0I,165,A,G,-0.9
3DV0I,168,A,G,-0.3
3DV0I,145,D,A,-2.1
3DV0I,145,D,N,-0.9
3DV0I,162,D,N,-2.0
3DV0I,164,D,A,-2.3
3DV0I,164,D,G,-3.7
3DV0I,164,D,N,-1.9
3DV0I,141,E,A,-0.7
3DV0I,141,E,Q,-0.4
3DV0I,130,I,A,-0.7
3DV0I,130,I,G,-1.4
3DV0I,130,I,V,-0.2
3DV0I,146,I,A,-2.7
3DV0I,146,I,V,-1.2
3DV0I,163,I,V,-0.5
3DV0I,159,L,A,-2.0
3DV0I,159,L,G,-1.9
3DV0I,159,L,V,-0.6
3DV0I,167,L,A,-1.2
3DV0I,167,L,V,-0.2
3DV0I,129,V,A,-0.7
3DV0I,129,V,G,-1.0
3DV0I,135,V,A,-1.5
3DV0I,144,V,A,-2.0
3DV0I,149,V,A,-2.8
3DV0I,149,V,G,-4.1
3DV0I,158,V,A,-3.2
3DV0I,138,Y,F,-2.0
3ECUA,46,H,R,0.8
3FISA,61,P,A,-0.5
3G1GA,155,D,Y,0.34
3G1GA,167,F,Y,-0.74
3G1GA,190,I,V,-0.17
3G1GA,185,R,W,1.32
3K82A,334,E,L,-3.35
3K82A,334,E,Q,-1.68
3K82A,401,E,R,5.49
3L15B,442,Y,H,-3.23
3MONB,39,R,G,1.194
3MONB,3,W,C,-2.866
3O39A,115,F,I,-1.81
3O39A,115,F,L,-1.64
3O39A,96,H,L,-0.58
3O39A,32,L,P,-3.25
3O39A,100,Q,L,-2.0
3O39A,49,Q,L,-0.05
3S4MA,122,D,Y,-1.3
3S4MA,130,G,V,-2.5
3S4MA,154,I,F,0.096
3S4MA,155,W,R,-0.693
3S92A,395,H,R,2.03
4BJXA,89,A,V,0.99
4BUQA,137,Y,A,0.89
4BUQA,48,Y,A,-1.435
4HE7A,19,A,D,-0.24
4HE7A,19,A,G,0.06
4HE7A,19,A,K,-0.46
4N6V0,75,H,W,0.574
4N6V0,36,P,G,-1.362
4N6V0,79,P,S,1.745
4WAAA,65,K,A,0.1
4WAAA,67,K,A,-2.07
4WAAA,27,R,A,-0.44
4YEEA,134,V,T,-0.71
4YEFA,134,T,V,-0.93
5JXBA,329,D,G,-1.44
5JXBA,329,D,P,-1.44
5OAQA,429,Y,H,-2.99
5VP3A,39,R,K,0.413
5VP3A,128,S,G,-0.378
5VP3A,183,V,T,0.354
